customer_id,join_date,city_id,gender_id,gender_name,city_name,coupon_usage,gender_encoded,city_encoded,cluster,dbscan_cluster
1,2022-01-08,7,1,Male,Mansoura,3.0,1,11,4,0
2,2023-05-02,20,2,Female,Sohag,1.0,0,16,6,1
3,2023-05-14,15,1,Male,Aswan,1.0,1,1,1,2
4,2022-11-25,11,2,Female,Ismailia,0.0,0,10,6,3
5,2023-04-26,8,1,Male,El-Mahalla El-Kubra,3.0,1,7,2,0
6,2023-01-31,7,1,Male,Mansoura,4.0,1,11,2,4
7,2022-06-26,19,2,Female,Qena,2.0,0,14,6,5
8,2024-02-26,11,1,Male,Ismailia,2.0,1,10,4,6
9,2024-01-23,11,1,Male,Ismailia,0.0,1,10,1,7
10,2023-08-19,4,2,Female,Shubra El-Kheima,5.0,0,15,0,8
11,2021-09-14,8,1,Male,El-Mahalla El-Kubra,0.0,1,7,1,7
12,2023-03-03,3,1,Male,Giza,4.0,1,9,2,4
13,2021-08-02,2,2,Female,Alexandria,5.0,0,0,3,8
14,2022-01-08,12,2,Female,Fayyum,2.0,0,8,5,5
15,2021-07-26,6,1,Male,Suez,0.0,1,17,4,7
16,2023-09-07,2,1,Male,Alexandria,0.0,1,0,1,7
17,2022-07-08,1,2,Female,Cairo,5.0,0,4,3,8
18,2024-03-11,12,2,Female,Fayyum,1.0,0,8,5,1
19,2022-11-26,12,1,Male,Fayyum,4.0,1,8,2,4
20,2023-07-19,17,2,Female,Damanhur,0.0,0,5,5,3
21,2021-11-28,10,1,Male,Asyut,1.0,1,2,1,2
22,2024-01-06,16,1,Male,Minya,4.0,1,12,2,4
23,2023-03-23,15,1,Male,Aswan,1.0,1,1,1,2
24,2022-12-23,15,1,Male,Aswan,0.0,1,1,1,7
25,2022-12-12,19,1,Male,Qena,3.0,1,14,4,0
26,2024-05-09,12,2,Female,Fayyum,1.0,0,8,5,1
27,2023-02-22,20,2,Female,Sohag,1.0,0,16,6,1
28,2022-04-30,3,2,Female,Giza,4.0,0,9,0,9
29,2024-02-08,5,2,Female,Port Said,3.0,0,13,0,10
30,2021-11-20,19,1,Male,Qena,2.0,1,14,4,6
31,2023-01-09,7,1,Male,Mansoura,1.0,1,11,4,2
32,2023-11-30,9,1,Male,Tanta,1.0,1,18,4,2
33,2024-02-08,7,1,Male,Mansoura,2.0,1,11,4,6
34,2024-06-23,18,2,Female,Beni Suef,0.0,0,3,5,3
35,2024-06-24,4,1,Male,Shubra El-Kheima,2.0,1,15,4,6
36,2023-09-29,14,1,Male,Damietta,0.0,1,6,1,7
37,2023-05-26,18,2,Female,Beni Suef,0.0,0,3,5,3
38,2021-10-19,9,2,Female,Tanta,2.0,0,18,6,5
39,2024-02-27,2,2,Female,Alexandria,4.0,0,0,3,9
40,2022-05-15,20,2,Female,Sohag,2.0,0,16,6,5
41,2021-11-17,15,1,Male,Aswan,3.0,1,1,1,0
42,2021-09-25,7,1,Male,Mansoura,2.0,1,11,4,6
43,2021-09-10,12,2,Female,Fayyum,3.0,0,8,3,10
44,2023-07-24,8,1,Male,El-Mahalla El-Kubra,4.0,1,7,2,4
45,2021-10-24,15,1,Male,Aswan,2.0,1,1,1,6
46,2022-05-25,3,1,Male,Giza,1.0,1,9,1,2
47,2023-12-05,14,2,Female,Damietta,2.0,0,6,5,5
48,2022-07-07,17,1,Male,Damanhur,1.0,1,5,1,2
49,2023-09-23,4,2,Female,Shubra El-Kheima,4.0,0,15,0,9
50,2022-11-16,18,1,Male,Beni Suef,4.0,1,3,2,4
51,2023-11-12,8,1,Male,El-Mahalla El-Kubra,0.0,1,7,1,7
52,2022-02-24,4,1,Male,Shubra El-Kheima,0.0,1,15,4,7
53,2023-02-24,2,2,Female,Alexandria,2.0,0,0,5,5
54,2023-05-30,6,1,Male,Suez,2.0,1,17,4,6
55,2023-05-27,10,2,Female,Asyut,2.0,0,2,5,5
56,2023-06-19,4,2,Female,Shubra El-Kheima,2.0,0,15,6,5
57,2021-07-27,18,2,Female,Beni Suef,2.0,0,3,5,5
58,2022-07-31,12,1,Male,Fayyum,2.0,1,8,1,6
59,2024-04-16,2,1,Male,Alexandria,7.0,1,0,2,-1
60,2022-10-13,10,1,Male,Asyut,3.0,1,2,1,0
61,2023-05-02,4,1,Male,Shubra El-Kheima,3.0,1,15,4,0
62,2021-08-20,14,2,Female,Damietta,1.0,0,6,5,1
63,2021-12-22,16,2,Female,Minya,0.0,0,12,6,3
64,2024-03-19,15,2,Female,Aswan,3.0,0,1,3,10
65,2021-12-08,8,1,Male,El-Mahalla El-Kubra,2.0,1,7,1,6
66,2024-03-28,14,2,Female,Damietta,3.0,0,6,3,10
67,2022-04-23,8,1,Male,El-Mahalla El-Kubra,1.0,1,7,1,2
68,2023-05-21,16,2,Female,Minya,3.0,0,12,0,10
69,2023-11-02,13,1,Male,Zagazig,3.0,1,19,4,0
70,2022-08-01,18,1,Male,Beni Suef,3.0,1,3,1,0
71,2024-06-19,15,2,Female,Aswan,1.0,0,1,5,1
72,2023-04-03,13,2,Female,Zagazig,2.0,0,19,6,5
73,2022-11-04,9,2,Female,Tanta,5.0,0,18,0,8
74,2022-05-16,15,2,Female,Aswan,1.0,0,1,5,1
75,2024-05-08,13,1,Male,Zagazig,5.0,1,19,2,11
76,2022-10-28,1,2,Female,Cairo,1.0,0,4,5,1
77,2024-04-08,7,2,Female,Mansoura,0.0,0,11,6,3
78,2022-12-01,9,2,Female,Tanta,0.0,0,18,6,3
79,2021-11-06,1,1,Male,Cairo,2.0,1,4,1,6
80,2022-08-25,12,1,Male,Fayyum,1.0,1,8,1,2
81,2021-12-14,8,2,Female,El-Mahalla El-Kubra,1.0,0,7,5,1
82,2024-03-29,11,1,Male,Ismailia,4.0,1,10,2,4
83,2022-06-16,19,2,Female,Qena,4.0,0,14,0,9
84,2022-05-28,17,1,Male,Damanhur,3.0,1,5,1,0
85,2021-07-29,8,1,Male,El-Mahalla El-Kubra,0.0,1,7,1,7
86,2022-09-30,3,1,Male,Giza,1.0,1,9,1,2
87,2022-10-21,3,1,Male,Giza,3.0,1,9,2,0
88,2021-09-29,1,2,Female,Cairo,2.0,0,4,5,5
89,2022-01-19,5,2,Female,Port Said,1.0,0,13,6,1
90,2023-02-27,10,2,Female,Asyut,2.0,0,2,5,5
91,2022-01-17,7,1,Male,Mansoura,1.0,1,11,4,2
92,2022-12-18,9,2,Female,Tanta,1.0,0,18,6,1
93,2022-03-24,7,2,Female,Mansoura,4.0,0,11,0,9
94,2023-07-06,9,2,Female,Tanta,0.0,0,18,6,3
95,2024-07-09,8,1,Male,El-Mahalla El-Kubra,1.0,1,7,1,2
96,2022-08-13,12,1,Male,Fayyum,2.0,1,8,1,6
97,2024-05-18,2,1,Male,Alexandria,2.0,1,0,1,6
98,2021-10-29,1,2,Female,Cairo,3.0,0,4,3,10
99,2024-01-26,16,2,Female,Minya,1.0,0,12,6,1
100,2022-11-09,5,2,Female,Port Said,5.0,0,13,0,8
101,2022-12-13,3,1,Male,Giza,3.0,1,9,2,0
102,2024-06-16,12,1,Male,Fayyum,4.0,1,8,2,4
103,2022-04-24,8,2,Female,El-Mahalla El-Kubra,1.0,0,7,5,1
104,2022-01-05,3,1,Male,Giza,4.0,1,9,2,4
105,2021-11-29,1,1,Male,Cairo,2.0,1,4,1,6
106,2021-08-22,3,1,Male,Giza,2.0,1,9,1,6
107,2021-07-21,5,1,Male,Port Said,2.0,1,13,4,6
108,2022-03-02,15,2,Female,Aswan,4.0,0,1,3,9
109,2022-12-18,14,1,Male,Damietta,3.0,1,6,1,0
110,2024-05-01,3,1,Male,Giza,0.0,1,9,1,7
111,2024-03-11,1,1,Male,Cairo,7.0,1,4,2,-1
112,2022-02-22,5,1,Male,Port Said,4.0,1,13,2,4
113,2022-05-22,14,2,Female,Damietta,3.0,0,6,3,10
114,2024-06-04,7,2,Female,Mansoura,3.0,0,11,0,10
115,2024-02-20,9,1,Male,Tanta,1.0,1,18,4,2
116,2021-12-25,15,1,Male,Aswan,1.0,1,1,1,2
117,2023-06-25,15,1,Male,Aswan,2.0,1,1,1,6
118,2021-11-08,10,1,Male,Asyut,2.0,1,2,1,6
119,2022-05-21,13,1,Male,Zagazig,2.0,1,19,4,6
120,2024-04-11,19,1,Male,Qena,2.0,1,14,4,6
121,2022-01-28,7,2,Female,Mansoura,1.0,0,11,6,1
122,2023-12-03,17,1,Male,Damanhur,3.0,1,5,1,0
123,2024-06-02,20,2,Female,Sohag,2.0,0,16,6,5
124,2023-09-12,4,2,Female,Shubra El-Kheima,5.0,0,15,0,8
125,2023-06-25,5,1,Male,Port Said,2.0,1,13,4,6
126,2024-06-28,7,2,Female,Mansoura,2.0,0,11,6,5
127,2022-02-14,13,2,Female,Zagazig,3.0,0,19,0,10
128,2021-12-28,15,2,Female,Aswan,3.0,0,1,3,10
129,2024-02-03,11,2,Female,Ismailia,4.0,0,10,0,9
130,2022-04-18,4,2,Female,Shubra El-Kheima,3.0,0,15,0,10
131,2023-09-28,13,2,Female,Zagazig,2.0,0,19,6,5
132,2023-01-15,7,1,Male,Mansoura,4.0,1,11,2,4
133,2023-05-25,19,2,Female,Qena,2.0,0,14,6,5
134,2023-08-26,2,2,Female,Alexandria,0.0,0,0,5,3
135,2023-10-17,10,2,Female,Asyut,0.0,0,2,5,3
136,2022-01-08,13,1,Male,Zagazig,2.0,1,19,4,6
137,2022-01-04,6,2,Female,Suez,3.0,0,17,0,10
138,2024-05-25,12,1,Male,Fayyum,3.0,1,8,2,0
139,2022-10-09,12,2,Female,Fayyum,5.0,0,8,3,8
140,2022-08-08,20,1,Male,Sohag,4.0,1,16,4,4
141,2023-05-07,11,1,Male,Ismailia,4.0,1,10,2,4
142,2022-08-22,7,2,Female,Mansoura,2.0,0,11,6,5
143,2024-01-29,1,2,Female,Cairo,2.0,0,4,5,5
144,2023-03-31,1,1,Male,Cairo,2.0,1,4,1,6
145,2021-11-01,20,2,Female,Sohag,3.0,0,16,0,10
146,2023-01-26,13,1,Male,Zagazig,1.0,1,19,4,2
147,2024-06-19,9,1,Male,Tanta,1.0,1,18,4,2
148,2022-04-05,3,1,Male,Giza,3.0,1,9,2,0
149,2022-10-19,7,1,Male,Mansoura,3.0,1,11,4,0
150,2022-04-11,6,1,Male,Suez,1.0,1,17,4,2
151,2022-12-11,8,2,Female,El-Mahalla El-Kubra,2.0,0,7,5,5
152,2024-01-15,9,1,Male,Tanta,2.0,1,18,4,6
153,2024-03-30,5,1,Male,Port Said,1.0,1,13,4,2
154,2024-07-04,1,2,Female,Cairo,6.0,0,4,3,12
155,2023-05-12,19,1,Male,Qena,4.0,1,14,2,4
156,2024-05-22,10,2,Female,Asyut,3.0,0,2,3,10
157,2021-11-09,12,2,Female,Fayyum,2.0,0,8,5,5
158,2024-05-15,15,2,Female,Aswan,0.0,0,1,5,3
159,2024-06-13,9,1,Male,Tanta,4.0,1,18,4,4
160,2023-05-21,20,1,Male,Sohag,2.0,1,16,4,6
161,2023-02-23,17,1,Male,Damanhur,3.0,1,5,1,0
162,2022-06-13,17,2,Female,Damanhur,3.0,0,5,3,10
163,2024-02-19,20,1,Male,Sohag,4.0,1,16,4,4
164,2022-09-06,12,2,Female,Fayyum,3.0,0,8,3,10
165,2021-12-12,7,1,Male,Mansoura,3.0,1,11,4,0
166,2022-09-10,2,2,Female,Alexandria,3.0,0,0,3,10
167,2022-04-21,3,1,Male,Giza,3.0,1,9,2,0
168,2023-12-25,17,1,Male,Damanhur,0.0,1,5,1,7
169,2022-03-21,5,1,Male,Port Said,2.0,1,13,4,6
170,2023-10-06,17,2,Female,Damanhur,2.0,0,5,5,5
171,2023-03-25,17,2,Female,Damanhur,3.0,0,5,3,10
172,2024-06-08,17,1,Male,Damanhur,1.0,1,5,1,2
173,2023-01-20,2,1,Male,Alexandria,4.0,1,0,2,4
174,2022-10-19,2,2,Female,Alexandria,0.0,0,0,5,3
175,2023-10-18,5,2,Female,Port Said,1.0,0,13,6,1
176,2024-04-15,1,2,Female,Cairo,2.0,0,4,5,5
177,2022-11-14,1,1,Male,Cairo,2.0,1,4,1,6
178,2023-06-27,19,2,Female,Qena,4.0,0,14,0,9
179,2023-11-09,2,1,Male,Alexandria,2.0,1,0,1,6
180,2022-09-03,12,2,Female,Fayyum,3.0,0,8,3,10
181,2024-05-11,6,1,Male,Suez,2.0,1,17,4,6
182,2024-04-09,4,2,Female,Shubra El-Kheima,1.0,0,15,6,1
183,2024-06-27,11,2,Female,Ismailia,2.0,0,10,6,5
184,2022-07-14,17,2,Female,Damanhur,1.0,0,5,5,1
185,2023-04-30,6,2,Female,Suez,2.0,0,17,6,5
186,2023-03-08,5,2,Female,Port Said,2.0,0,13,6,5
187,2022-12-10,20,1,Male,Sohag,4.0,1,16,4,4
188,2021-11-04,2,2,Female,Alexandria,6.0,0,0,3,12
189,2021-12-01,6,2,Female,Suez,1.0,0,17,6,1
190,2022-05-23,11,2,Female,Ismailia,4.0,0,10,0,9
191,2024-03-06,16,1,Male,Minya,2.0,1,12,4,6
192,2021-12-04,16,2,Female,Minya,6.0,0,12,0,-1
193,2022-09-21,1,1,Male,Cairo,1.0,1,4,1,2
194,2023-06-09,9,2,Female,Tanta,4.0,0,18,0,9
195,2022-01-13,6,2,Female,Suez,2.0,0,17,6,5
196,2023-01-18,16,1,Male,Minya,2.0,1,12,4,6
197,2022-09-14,3,2,Female,Giza,1.0,0,9,5,1
198,2022-11-23,20,1,Male,Sohag,2.0,1,16,4,6
199,2023-10-06,4,1,Male,Shubra El-Kheima,2.0,1,15,4,6
200,2022-04-30,19,2,Female,Qena,1.0,0,14,6,1
201,2023-08-09,3,1,Male,Giza,5.0,1,9,2,11
202,2021-09-10,19,2,Female,Qena,3.0,0,14,0,10
203,2022-02-18,20,2,Female,Sohag,3.0,0,16,0,10
204,2023-08-12,7,1,Male,Mansoura,4.0,1,11,2,4
205,2023-06-05,20,1,Male,Sohag,3.0,1,16,4,0
206,2021-08-13,9,1,Male,Tanta,4.0,1,18,4,4
207,2023-08-08,1,1,Male,Cairo,5.0,1,4,2,11
208,2023-08-09,8,2,Female,El-Mahalla El-Kubra,3.0,0,7,3,10
209,2021-11-05,7,2,Female,Mansoura,2.0,0,11,6,5
210,2023-10-01,18,1,Male,Beni Suef,5.0,1,3,2,11
211,2022-09-14,8,2,Female,El-Mahalla El-Kubra,4.0,0,7,3,9
212,2023-02-08,1,2,Female,Cairo,1.0,0,4,5,1
213,2024-04-16,11,2,Female,Ismailia,4.0,0,10,0,9
214,2024-06-08,18,2,Female,Beni Suef,3.0,0,3,3,10
215,2021-09-11,10,1,Male,Asyut,2.0,1,2,1,6
216,2022-02-07,3,1,Male,Giza,3.0,1,9,2,0
217,2024-03-13,7,2,Female,Mansoura,2.0,0,11,6,5
218,2021-08-05,16,1,Male,Minya,5.0,1,12,2,11
219,2022-09-18,16,1,Male,Minya,0.0,1,12,4,7
220,2023-12-01,20,1,Male,Sohag,1.0,1,16,4,2
221,2022-12-31,17,2,Female,Damanhur,0.0,0,5,5,3
222,2022-01-01,2,2,Female,Alexandria,2.0,0,0,5,5
223,2024-05-30,1,2,Female,Cairo,2.0,0,4,5,5
224,2024-04-01,16,1,Male,Minya,0.0,1,12,4,7
225,2022-05-28,12,2,Female,Fayyum,1.0,0,8,5,1
226,2023-07-03,5,2,Female,Port Said,5.0,0,13,0,8
227,2021-10-12,5,1,Male,Port Said,7.0,1,13,2,-1
228,2023-06-23,9,2,Female,Tanta,1.0,0,18,6,1
229,2023-02-19,9,2,Female,Tanta,3.0,0,18,0,10
230,2023-05-12,3,1,Male,Giza,3.0,1,9,2,0
231,2024-02-27,19,1,Male,Qena,3.0,1,14,4,0
232,2024-04-17,16,1,Male,Minya,3.0,1,12,4,0
233,2023-10-03,16,2,Female,Minya,3.0,0,12,0,10
234,2024-07-10,3,2,Female,Giza,3.0,0,9,0,10
235,2022-05-23,20,2,Female,Sohag,3.0,0,16,0,10
236,2023-07-30,1,1,Male,Cairo,0.0,1,4,1,7
237,2023-09-15,20,1,Male,Sohag,6.0,1,16,2,14
238,2022-07-29,11,2,Female,Ismailia,3.0,0,10,0,10
239,2024-03-12,17,2,Female,Damanhur,5.0,0,5,3,8
240,2021-08-20,8,1,Male,El-Mahalla El-Kubra,2.0,1,7,1,6
241,2021-10-21,4,1,Male,Shubra El-Kheima,1.0,1,15,4,2
242,2021-07-22,6,1,Male,Suez,3.0,1,17,4,0
243,2022-09-25,8,1,Male,El-Mahalla El-Kubra,0.0,1,7,1,7
244,2023-08-02,20,2,Female,Sohag,1.0,0,16,6,1
245,2022-05-01,3,1,Male,Giza,4.0,1,9,2,4
246,2021-07-30,16,2,Female,Minya,3.0,0,12,0,10
247,2021-09-24,3,2,Female,Giza,4.0,0,9,0,9
248,2022-06-14,18,2,Female,Beni Suef,5.0,0,3,3,8
249,2024-01-06,14,1,Male,Damietta,1.0,1,6,1,2
250,2024-04-14,18,1,Male,Beni Suef,2.0,1,3,1,6
251,2023-03-23,2,1,Male,Alexandria,1.0,1,0,1,2
252,2023-02-01,3,1,Male,Giza,3.0,1,9,2,0
253,2024-04-20,16,2,Female,Minya,3.0,0,12,0,10
254,2023-12-27,9,1,Male,Tanta,3.0,1,18,4,0
255,2022-06-13,4,1,Male,Shubra El-Kheima,1.0,1,15,4,2
256,2024-01-06,1,2,Female,Cairo,3.0,0,4,3,10
257,2022-04-30,4,1,Male,Shubra El-Kheima,2.0,1,15,4,6
258,2024-05-29,1,2,Female,Cairo,0.0,0,4,5,3
259,2022-05-02,14,2,Female,Damietta,2.0,0,6,5,5
260,2023-09-15,16,2,Female,Minya,5.0,0,12,0,8
261,2022-10-09,20,2,Female,Sohag,3.0,0,16,0,10
262,2021-08-16,8,2,Female,El-Mahalla El-Kubra,4.0,0,7,3,9
263,2023-06-07,7,2,Female,Mansoura,2.0,0,11,6,5
264,2023-01-01,3,2,Female,Giza,3.0,0,9,0,10
265,2022-02-25,17,2,Female,Damanhur,3.0,0,5,3,10
266,2022-06-21,1,1,Male,Cairo,1.0,1,4,1,2
267,2021-08-07,16,1,Male,Minya,2.0,1,12,4,6
268,2024-01-10,12,1,Male,Fayyum,3.0,1,8,2,0
269,2021-07-31,19,1,Male,Qena,1.0,1,14,4,2
270,2022-05-22,14,2,Female,Damietta,2.0,0,6,5,5
271,2022-02-14,6,1,Male,Suez,4.0,1,17,4,4
272,2023-08-17,6,2,Female,Suez,3.0,0,17,0,10
273,2023-04-26,13,1,Male,Zagazig,4.0,1,19,4,4
274,2021-12-11,19,1,Male,Qena,2.0,1,14,4,6
275,2023-10-25,8,1,Male,El-Mahalla El-Kubra,1.0,1,7,1,2
276,2022-05-25,2,2,Female,Alexandria,5.0,0,0,3,8
277,2022-05-08,1,1,Male,Cairo,6.0,1,4,2,13
278,2021-09-03,15,2,Female,Aswan,1.0,0,1,5,1
279,2022-04-10,1,2,Female,Cairo,2.0,0,4,5,5
280,2022-11-08,5,1,Male,Port Said,3.0,1,13,4,0
281,2022-05-11,16,1,Male,Minya,1.0,1,12,4,2
282,2023-08-03,19,1,Male,Qena,2.0,1,14,4,6
283,2024-01-08,4,2,Female,Shubra El-Kheima,4.0,0,15,0,9
284,2023-07-23,3,1,Male,Giza,2.0,1,9,1,6
285,2024-06-09,17,2,Female,Damanhur,0.0,0,5,5,3
286,2021-10-03,17,2,Female,Damanhur,2.0,0,5,5,5
287,2022-03-11,12,1,Male,Fayyum,6.0,1,8,2,13
288,2021-09-04,14,1,Male,Damietta,4.0,1,6,2,4
289,2024-03-22,6,2,Female,Suez,1.0,0,17,6,1
290,2023-11-13,3,2,Female,Giza,2.0,0,9,5,5
291,2022-11-02,9,2,Female,Tanta,3.0,0,18,0,10
292,2024-05-07,5,1,Male,Port Said,1.0,1,13,4,2
293,2023-08-08,17,2,Female,Damanhur,5.0,0,5,3,8
294,2023-01-11,14,1,Male,Damietta,3.0,1,6,1,0
295,2022-07-28,3,2,Female,Giza,4.0,0,9,0,9
296,2023-04-16,1,2,Female,Cairo,3.0,0,4,3,10
297,2022-01-13,20,1,Male,Sohag,1.0,1,16,4,2
298,2022-11-25,1,2,Female,Cairo,2.0,0,4,5,5
299,2024-02-13,3,1,Male,Giza,1.0,1,9,1,2
300,2022-07-19,18,1,Male,Beni Suef,2.0,1,3,1,6
301,2022-12-03,10,2,Female,Asyut,1.0,0,2,5,1
302,2022-07-25,3,1,Male,Giza,4.0,1,9,2,4
303,2023-05-05,8,1,Male,El-Mahalla El-Kubra,6.0,1,7,2,13
304,2022-05-20,14,2,Female,Damietta,1.0,0,6,5,1
305,2022-04-09,18,1,Male,Beni Suef,4.0,1,3,2,4
306,2023-08-05,15,1,Male,Aswan,1.0,1,1,1,2
307,2021-12-20,2,1,Male,Alexandria,2.0,1,0,1,6
308,2024-02-04,10,2,Female,Asyut,2.0,0,2,5,5
309,2022-05-30,2,1,Male,Alexandria,0.0,1,0,1,7
310,2024-01-14,17,2,Female,Damanhur,0.0,0,5,5,3
311,2022-10-14,8,2,Female,El-Mahalla El-Kubra,3.0,0,7,3,10
312,2024-03-11,1,1,Male,Cairo,0.0,1,4,1,7
313,2024-06-12,9,1,Male,Tanta,3.0,1,18,4,0
314,2023-05-23,11,1,Male,Ismailia,6.0,1,10,2,13
315,2021-08-16,16,2,Female,Minya,3.0,0,12,0,10
316,2022-10-06,7,1,Male,Mansoura,1.0,1,11,4,2
317,2024-02-02,10,1,Male,Asyut,2.0,1,2,1,6
318,2022-02-23,3,1,Male,Giza,2.0,1,9,1,6
319,2024-06-04,18,1,Male,Beni Suef,3.0,1,3,1,0
320,2022-06-04,13,1,Male,Zagazig,1.0,1,19,4,2
321,2023-08-11,7,2,Female,Mansoura,1.0,0,11,6,1
322,2023-12-30,4,2,Female,Shubra El-Kheima,1.0,0,15,6,1
323,2023-06-06,13,1,Male,Zagazig,1.0,1,19,4,2
324,2024-05-09,20,1,Male,Sohag,1.0,1,16,4,2
325,2023-07-29,1,1,Male,Cairo,1.0,1,4,1,2
326,2024-06-03,8,1,Male,El-Mahalla El-Kubra,3.0,1,7,2,0
327,2023-06-21,14,2,Female,Damietta,3.0,0,6,3,10
328,2024-04-13,16,1,Male,Minya,1.0,1,12,4,2
329,2021-10-22,14,2,Female,Damietta,1.0,0,6,5,1
330,2021-11-09,12,2,Female,Fayyum,1.0,0,8,5,1
331,2022-10-06,19,1,Male,Qena,1.0,1,14,4,2
332,2022-06-24,15,2,Female,Aswan,4.0,0,1,3,9
333,2023-05-01,2,2,Female,Alexandria,2.0,0,0,5,5
334,2022-08-14,2,2,Female,Alexandria,3.0,0,0,3,10
335,2024-06-25,19,2,Female,Qena,3.0,0,14,0,10
336,2024-07-09,17,1,Male,Damanhur,3.0,1,5,1,0
337,2022-06-23,20,1,Male,Sohag,5.0,1,16,2,11
338,2021-12-25,10,2,Female,Asyut,3.0,0,2,3,10
339,2024-06-26,6,1,Male,Suez,3.0,1,17,4,0
340,2022-12-16,15,1,Male,Aswan,3.0,1,1,1,0
341,2021-10-27,11,1,Male,Ismailia,4.0,1,10,2,4
342,2023-09-28,5,1,Male,Port Said,2.0,1,13,4,6
343,2023-01-02,1,1,Male,Cairo,4.0,1,4,2,4
344,2022-02-11,8,2,Female,El-Mahalla El-Kubra,4.0,0,7,3,9
345,2022-07-01,12,1,Male,Fayyum,3.0,1,8,2,0
346,2022-12-05,12,1,Male,Fayyum,0.0,1,8,1,7
347,2023-08-16,5,1,Male,Port Said,0.0,1,13,4,7
348,2023-11-02,7,1,Male,Mansoura,2.0,1,11,4,6
349,2022-09-10,4,2,Female,Shubra El-Kheima,1.0,0,15,6,1
350,2024-05-15,6,2,Female,Suez,2.0,0,17,6,5
351,2023-08-07,13,2,Female,Zagazig,3.0,0,19,0,10
352,2023-07-21,20,2,Female,Sohag,3.0,0,16,0,10
353,2023-03-05,15,1,Male,Aswan,4.0,1,1,2,4
354,2022-04-05,3,2,Female,Giza,6.0,0,9,3,-1
355,2021-10-11,8,1,Male,El-Mahalla El-Kubra,2.0,1,7,1,6
356,2023-05-17,20,1,Male,Sohag,0.0,1,16,4,7
357,2023-10-03,16,1,Male,Minya,2.0,1,12,4,6
358,2023-03-21,13,1,Male,Zagazig,3.0,1,19,4,0
359,2022-08-17,18,1,Male,Beni Suef,2.0,1,3,1,6
360,2023-08-29,10,2,Female,Asyut,4.0,0,2,3,9
361,2024-04-02,19,2,Female,Qena,4.0,0,14,0,9
362,2021-08-26,17,2,Female,Damanhur,2.0,0,5,5,5
363,2022-05-23,19,2,Female,Qena,3.0,0,14,0,10
364,2023-07-12,5,1,Male,Port Said,5.0,1,13,2,11
365,2023-04-01,9,2,Female,Tanta,1.0,0,18,6,1
366,2024-02-12,12,1,Male,Fayyum,2.0,1,8,1,6
367,2024-01-17,1,2,Female,Cairo,3.0,0,4,3,10
368,2022-03-15,1,1,Male,Cairo,1.0,1,4,1,2
369,2021-10-01,15,1,Male,Aswan,4.0,1,1,2,4
370,2023-03-24,2,2,Female,Alexandria,2.0,0,0,5,5
371,2022-02-11,16,1,Male,Minya,4.0,1,12,2,4
372,2024-01-28,8,1,Male,El-Mahalla El-Kubra,0.0,1,7,1,7
373,2021-10-25,13,2,Female,Zagazig,0.0,0,19,6,3
374,2024-06-12,1,1,Male,Cairo,0.0,1,4,1,7
375,2023-01-25,16,2,Female,Minya,5.0,0,12,0,8
376,2022-01-12,7,2,Female,Mansoura,3.0,0,11,0,10
377,2021-12-25,5,2,Female,Port Said,3.0,0,13,0,10
378,2023-03-06,3,1,Male,Giza,5.0,1,9,2,11
379,2023-10-09,12,1,Male,Fayyum,2.0,1,8,1,6
380,2022-02-12,16,1,Male,Minya,5.0,1,12,2,11
381,2022-06-03,19,2,Female,Qena,2.0,0,14,6,5
382,2024-03-12,5,1,Male,Port Said,3.0,1,13,4,0
383,2021-11-22,14,2,Female,Damietta,1.0,0,6,5,1
384,2021-10-02,5,2,Female,Port Said,4.0,0,13,0,9
385,2022-08-05,15,1,Male,Aswan,3.0,1,1,1,0
386,2023-09-23,17,2,Female,Damanhur,1.0,0,5,5,1
387,2023-01-03,14,1,Male,Damietta,2.0,1,6,1,6
388,2022-11-07,20,1,Male,Sohag,3.0,1,16,4,0
389,2022-03-29,5,1,Male,Port Said,0.0,1,13,4,7
390,2021-12-12,12,1,Male,Fayyum,5.0,1,8,2,11
391,2022-07-04,16,1,Male,Minya,4.0,1,12,2,4
392,2022-08-01,16,2,Female,Minya,2.0,0,12,6,5
393,2022-02-24,7,2,Female,Mansoura,3.0,0,11,0,10
394,2023-11-05,4,2,Female,Shubra El-Kheima,0.0,0,15,6,3
395,2023-03-11,1,1,Male,Cairo,3.0,1,4,1,0
396,2024-01-22,5,1,Male,Port Said,0.0,1,13,4,7
397,2023-08-30,10,1,Male,Asyut,3.0,1,2,1,0
398,2024-01-20,5,2,Female,Port Said,1.0,0,13,6,1
399,2024-04-17,4,1,Male,Shubra El-Kheima,3.0,1,15,4,0
400,2024-03-04,2,2,Female,Alexandria,2.0,0,0,5,5
401,2021-10-24,20,2,Female,Sohag,5.0,0,16,0,8
402,2024-06-21,10,1,Male,Asyut,0.0,1,2,1,7
403,2022-01-23,19,1,Male,Qena,1.0,1,14,4,2
404,2021-09-30,1,2,Female,Cairo,4.0,0,4,3,9
405,2022-06-30,5,1,Male,Port Said,6.0,1,13,2,14
406,2024-06-30,13,2,Female,Zagazig,3.0,0,19,0,10
407,2023-06-03,4,1,Male,Shubra El-Kheima,4.0,1,15,2,4
408,2022-02-05,16,1,Male,Minya,4.0,1,12,2,4
409,2021-09-18,16,2,Female,Minya,1.0,0,12,6,1
410,2021-11-05,2,1,Male,Alexandria,0.0,1,0,1,7
411,2022-07-22,17,2,Female,Damanhur,1.0,0,5,5,1
412,2021-10-18,20,1,Male,Sohag,2.0,1,16,4,6
413,2023-02-16,12,2,Female,Fayyum,2.0,0,8,5,5
414,2023-10-02,18,2,Female,Beni Suef,6.0,0,3,3,12
415,2022-02-02,3,1,Male,Giza,2.0,1,9,1,6
416,2022-12-24,1,2,Female,Cairo,2.0,0,4,5,5
417,2023-01-08,1,1,Male,Cairo,1.0,1,4,1,2
418,2022-06-08,19,1,Male,Qena,2.0,1,14,4,6
419,2023-06-22,11,1,Male,Ismailia,4.0,1,10,2,4
420,2022-09-24,5,2,Female,Port Said,5.0,0,13,0,8
421,2023-07-24,12,2,Female,Fayyum,5.0,0,8,3,8
422,2022-05-07,3,1,Male,Giza,4.0,1,9,2,4
423,2024-06-11,1,1,Male,Cairo,1.0,1,4,1,2
424,2022-10-08,1,2,Female,Cairo,3.0,0,4,3,10
425,2022-03-04,8,1,Male,El-Mahalla El-Kubra,3.0,1,7,2,0
426,2022-11-14,10,1,Male,Asyut,4.0,1,2,2,4
427,2022-12-24,11,2,Female,Ismailia,2.0,0,10,6,5
428,2023-03-17,12,1,Male,Fayyum,4.0,1,8,2,4
429,2023-09-26,13,2,Female,Zagazig,4.0,0,19,0,9
430,2024-06-13,12,1,Male,Fayyum,2.0,1,8,1,6
431,2022-06-02,14,2,Female,Damietta,0.0,0,6,5,3
432,2022-09-10,2,1,Male,Alexandria,2.0,1,0,1,6
433,2024-04-11,19,1,Male,Qena,1.0,1,14,4,2
434,2022-05-06,18,2,Female,Beni Suef,3.0,0,3,3,10
435,2023-02-18,3,1,Male,Giza,2.0,1,9,1,6
436,2023-10-06,17,2,Female,Damanhur,4.0,0,5,3,9
437,2024-02-19,8,1,Male,El-Mahalla El-Kubra,2.0,1,7,1,6
438,2021-09-03,10,2,Female,Asyut,4.0,0,2,3,9
439,2023-05-12,2,2,Female,Alexandria,1.0,0,0,5,1
440,2023-03-03,19,2,Female,Qena,1.0,0,14,6,1
441,2021-10-24,9,2,Female,Tanta,4.0,0,18,0,9
442,2023-11-02,7,1,Male,Mansoura,2.0,1,11,4,6
443,2023-01-23,4,1,Male,Shubra El-Kheima,3.0,1,15,4,0
444,2022-05-15,18,2,Female,Beni Suef,1.0,0,3,5,1
445,2023-05-18,13,2,Female,Zagazig,7.0,0,19,0,-1
446,2023-07-19,11,2,Female,Ismailia,4.0,0,10,0,9
447,2024-01-24,4,1,Male,Shubra El-Kheima,2.0,1,15,4,6
448,2023-06-08,4,1,Male,Shubra El-Kheima,1.0,1,15,4,2
449,2024-06-28,10,1,Male,Asyut,1.0,1,2,1,2
450,2024-01-09,5,1,Male,Port Said,4.0,1,13,2,4
451,2023-08-19,9,2,Female,Tanta,3.0,0,18,0,10
452,2024-06-07,3,2,Female,Giza,3.0,0,9,0,10
453,2022-01-30,17,2,Female,Damanhur,4.0,0,5,3,9
454,2022-06-16,3,1,Male,Giza,1.0,1,9,1,2
455,2024-03-09,16,1,Male,Minya,5.0,1,12,2,11
456,2021-12-31,4,1,Male,Shubra El-Kheima,3.0,1,15,4,0
457,2023-06-11,18,2,Female,Beni Suef,3.0,0,3,3,10
458,2023-06-11,17,2,Female,Damanhur,1.0,0,5,5,1
459,2024-02-07,7,1,Male,Mansoura,2.0,1,11,4,6
460,2023-11-01,5,2,Female,Port Said,2.0,0,13,6,5
461,2023-10-14,12,1,Male,Fayyum,2.0,1,8,1,6
462,2023-02-09,17,1,Male,Damanhur,3.0,1,5,1,0
463,2021-08-01,13,2,Female,Zagazig,3.0,0,19,0,10
464,2024-01-26,3,1,Male,Giza,2.0,1,9,1,6
465,2023-09-12,9,2,Female,Tanta,5.0,0,18,0,8
466,2021-08-24,17,1,Male,Damanhur,2.0,1,5,1,6
467,2023-02-26,17,2,Female,Damanhur,2.0,0,5,5,5
468,2022-01-28,20,2,Female,Sohag,2.0,0,16,6,5
469,2023-11-06,16,2,Female,Minya,2.0,0,12,6,5
470,2022-06-01,13,1,Male,Zagazig,1.0,1,19,4,2
471,2023-07-26,19,1,Male,Qena,5.0,1,14,2,11
472,2022-09-17,17,2,Female,Damanhur,2.0,0,5,5,5
473,2022-11-21,4,2,Female,Shubra El-Kheima,2.0,0,15,6,5
474,2022-05-27,12,1,Male,Fayyum,1.0,1,8,1,2
475,2024-06-12,9,1,Male,Tanta,2.0,1,18,4,6
476,2022-03-11,19,1,Male,Qena,2.0,1,14,4,6
477,2024-01-27,12,2,Female,Fayyum,3.0,0,8,3,10
478,2024-03-30,9,1,Male,Tanta,2.0,1,18,4,6
479,2022-04-21,7,1,Male,Mansoura,2.0,1,11,4,6
480,2022-09-11,14,2,Female,Damietta,4.0,0,6,3,9
481,2023-06-24,20,1,Male,Sohag,4.0,1,16,4,4
482,2022-03-18,19,1,Male,Qena,2.0,1,14,4,6
483,2021-07-25,15,1,Male,Aswan,4.0,1,1,2,4
484,2022-04-16,16,2,Female,Minya,1.0,0,12,6,1
485,2024-06-14,5,2,Female,Port Said,6.0,0,13,0,-1
486,2021-12-03,3,2,Female,Giza,2.0,0,9,5,5
487,2022-03-13,12,2,Female,Fayyum,0.0,0,8,5,3
488,2023-08-21,20,2,Female,Sohag,4.0,0,16,0,9
489,2022-06-07,4,2,Female,Shubra El-Kheima,3.0,0,15,0,10
490,2022-02-09,16,2,Female,Minya,2.0,0,12,6,5
491,2023-11-19,7,1,Male,Mansoura,2.0,1,11,4,6
492,2021-11-22,13,1,Male,Zagazig,1.0,1,19,4,2
493,2021-08-06,10,2,Female,Asyut,3.0,0,2,3,10
494,2022-09-18,7,1,Male,Mansoura,8.0,1,11,2,-1
495,2022-02-26,14,1,Male,Damietta,4.0,1,6,2,4
496,2022-07-24,5,2,Female,Port Said,3.0,0,13,0,10
497,2024-06-24,3,1,Male,Giza,4.0,1,9,2,4
498,2024-07-11,11,1,Male,Ismailia,2.0,1,10,4,6
499,2024-02-16,11,1,Male,Ismailia,2.0,1,10,4,6
500,2024-02-28,18,1,Male,Beni Suef,6.0,1,3,2,13
501,2023-05-27,15,1,Male,Aswan,0.0,1,1,1,7
502,2023-02-11,12,2,Female,Fayyum,1.0,0,8,5,1
503,2022-09-09,9,2,Female,Tanta,2.0,0,18,6,5
504,2022-03-12,10,2,Female,Asyut,2.0,0,2,5,5
505,2021-11-05,12,1,Male,Fayyum,4.0,1,8,2,4
506,2024-05-28,17,2,Female,Damanhur,2.0,0,5,5,5
507,2022-01-09,6,1,Male,Suez,2.0,1,17,4,6
508,2023-09-26,7,1,Male,Mansoura,2.0,1,11,4,6
509,2023-06-26,14,1,Male,Damietta,6.0,1,6,2,13
510,2022-12-28,13,1,Male,Zagazig,2.0,1,19,4,6
511,2023-01-07,8,2,Female,El-Mahalla El-Kubra,2.0,0,7,5,5
512,2022-06-24,10,2,Female,Asyut,3.0,0,2,3,10
513,2023-07-19,9,1,Male,Tanta,1.0,1,18,4,2
514,2022-01-02,18,2,Female,Beni Suef,3.0,0,3,3,10
515,2022-08-02,2,1,Male,Alexandria,4.0,1,0,2,4
516,2023-06-08,5,2,Female,Port Said,3.0,0,13,0,10
517,2024-06-23,5,2,Female,Port Said,4.0,0,13,0,9
518,2024-06-03,6,1,Male,Suez,2.0,1,17,4,6
519,2021-08-09,19,2,Female,Qena,2.0,0,14,6,5
520,2022-01-13,8,1,Male,El-Mahalla El-Kubra,6.0,1,7,2,13
521,2022-10-05,16,2,Female,Minya,1.0,0,12,6,1
522,2021-11-08,13,1,Male,Zagazig,1.0,1,19,4,2
523,2023-04-22,1,1,Male,Cairo,2.0,1,4,1,6
524,2024-05-25,20,2,Female,Sohag,1.0,0,16,6,1
525,2023-02-28,17,2,Female,Damanhur,3.0,0,5,3,10
526,2022-04-08,7,1,Male,Mansoura,1.0,1,11,4,2
527,2022-01-13,13,2,Female,Zagazig,0.0,0,19,6,3
528,2021-09-12,4,2,Female,Shubra El-Kheima,3.0,0,15,0,10
529,2023-12-27,4,1,Male,Shubra El-Kheima,5.0,1,15,2,11
530,2021-11-21,6,1,Male,Suez,2.0,1,17,4,6
531,2022-07-09,19,2,Female,Qena,1.0,0,14,6,1
532,2022-04-04,12,1,Male,Fayyum,2.0,1,8,1,6
533,2023-08-10,7,1,Male,Mansoura,6.0,1,11,2,-1
534,2023-12-05,10,1,Male,Asyut,0.0,1,2,1,7
535,2022-06-06,19,2,Female,Qena,1.0,0,14,6,1
536,2022-10-14,7,2,Female,Mansoura,2.0,0,11,6,5
537,2022-08-21,3,1,Male,Giza,3.0,1,9,2,0
538,2024-05-17,13,2,Female,Zagazig,1.0,0,19,6,1
539,2022-04-12,13,1,Male,Zagazig,2.0,1,19,4,6
540,2022-01-16,18,2,Female,Beni Suef,3.0,0,3,3,10
541,2024-06-21,20,1,Male,Sohag,2.0,1,16,4,6
542,2024-05-14,8,1,Male,El-Mahalla El-Kubra,4.0,1,7,2,4
543,2024-04-21,9,2,Female,Tanta,2.0,0,18,6,5
544,2023-12-30,7,1,Male,Mansoura,3.0,1,11,4,0
545,2023-11-08,1,2,Female,Cairo,0.0,0,4,5,3
546,2022-02-17,3,2,Female,Giza,1.0,0,9,5,1
547,2023-09-03,13,1,Male,Zagazig,4.0,1,19,4,4
548,2023-10-27,17,1,Male,Damanhur,2.0,1,5,1,6
549,2021-10-04,1,2,Female,Cairo,4.0,0,4,3,9
550,2023-10-29,6,1,Male,Suez,2.0,1,17,4,6
551,2022-09-10,6,1,Male,Suez,2.0,1,17,4,6
552,2021-11-29,12,1,Male,Fayyum,0.0,1,8,1,7
553,2023-05-22,13,1,Male,Zagazig,2.0,1,19,4,6
554,2022-02-17,13,1,Male,Zagazig,3.0,1,19,4,0
555,2024-02-09,15,2,Female,Aswan,1.0,0,1,5,1
556,2022-08-18,16,2,Female,Minya,1.0,0,12,6,1
557,2022-08-28,11,1,Male,Ismailia,1.0,1,10,1,2
558,2022-03-14,5,1,Male,Port Said,3.0,1,13,4,0
559,2023-03-11,4,1,Male,Shubra El-Kheima,8.0,1,15,2,-1
560,2023-01-29,3,2,Female,Giza,2.0,0,9,5,5
561,2024-01-22,19,1,Male,Qena,3.0,1,14,4,0
562,2024-06-20,20,2,Female,Sohag,2.0,0,16,6,5
563,2021-12-21,18,2,Female,Beni Suef,4.0,0,3,3,9
564,2022-09-09,15,2,Female,Aswan,5.0,0,1,3,8
565,2022-06-08,9,1,Male,Tanta,3.0,1,18,4,0
566,2023-07-16,17,2,Female,Damanhur,2.0,0,5,5,5
567,2021-08-13,14,1,Male,Damietta,4.0,1,6,2,4
568,2022-03-18,15,2,Female,Aswan,4.0,0,1,3,9
569,2023-07-23,1,1,Male,Cairo,3.0,1,4,1,0
570,2022-09-09,3,2,Female,Giza,3.0,0,9,0,10
571,2022-04-23,16,1,Male,Minya,4.0,1,12,2,4
572,2022-07-31,11,2,Female,Ismailia,0.0,0,10,6,3
573,2021-08-15,12,1,Male,Fayyum,6.0,1,8,2,13
574,2023-06-24,10,1,Male,Asyut,5.0,1,2,2,11
575,2021-10-07,16,1,Male,Minya,2.0,1,12,4,6
576,2022-06-24,8,1,Male,El-Mahalla El-Kubra,2.0,1,7,1,6
577,2024-06-18,6,2,Female,Suez,1.0,0,17,6,1
578,2024-06-07,12,2,Female,Fayyum,2.0,0,8,5,5
579,2021-10-18,8,1,Male,El-Mahalla El-Kubra,2.0,1,7,1,6
580,2023-11-28,4,2,Female,Shubra El-Kheima,2.0,0,15,6,5
581,2023-01-21,8,1,Male,El-Mahalla El-Kubra,2.0,1,7,1,6
582,2021-12-12,18,1,Male,Beni Suef,1.0,1,3,1,2
583,2023-08-03,5,2,Female,Port Said,2.0,0,13,6,5
584,2023-03-20,9,1,Male,Tanta,3.0,1,18,4,0
585,2022-04-24,4,1,Male,Shubra El-Kheima,2.0,1,15,4,6
586,2023-01-18,17,2,Female,Damanhur,3.0,0,5,3,10
587,2023-09-25,9,1,Male,Tanta,1.0,1,18,4,2
588,2023-05-25,1,1,Male,Cairo,5.0,1,4,2,11
589,2023-09-26,20,1,Male,Sohag,2.0,1,16,4,6
590,2021-09-25,13,1,Male,Zagazig,2.0,1,19,4,6
591,2024-03-10,16,2,Female,Minya,2.0,0,12,6,5
592,2024-01-24,13,2,Female,Zagazig,1.0,0,19,6,1
593,2023-08-22,14,2,Female,Damietta,0.0,0,6,5,3
594,2024-01-30,3,1,Male,Giza,2.0,1,9,1,6
595,2023-08-23,6,1,Male,Suez,0.0,1,17,4,7
596,2021-08-20,18,2,Female,Beni Suef,1.0,0,3,5,1
597,2024-03-14,19,1,Male,Qena,2.0,1,14,4,6
598,2023-01-10,5,1,Male,Port Said,2.0,1,13,4,6
599,2023-12-19,15,1,Male,Aswan,1.0,1,1,1,2
600,2022-06-28,2,1,Male,Alexandria,0.0,1,0,1,7
601,2024-03-09,10,2,Female,Asyut,2.0,0,2,5,5
602,2024-01-23,18,2,Female,Beni Suef,3.0,0,3,3,10
603,2021-08-18,13,2,Female,Zagazig,2.0,0,19,6,5
604,2021-09-09,5,1,Male,Port Said,3.0,1,13,4,0
605,2024-05-26,1,2,Female,Cairo,0.0,0,4,5,3
606,2022-10-12,1,2,Female,Cairo,3.0,0,4,3,10
607,2022-11-13,18,1,Male,Beni Suef,1.0,1,3,1,2
608,2023-11-29,15,1,Male,Aswan,2.0,1,1,1,6
609,2022-11-15,17,2,Female,Damanhur,2.0,0,5,5,5
610,2022-10-19,11,2,Female,Ismailia,2.0,0,10,6,5
611,2022-08-21,17,2,Female,Damanhur,3.0,0,5,3,10
612,2023-06-01,13,2,Female,Zagazig,3.0,0,19,0,10
613,2022-12-04,1,1,Male,Cairo,3.0,1,4,1,0
614,2022-03-12,2,2,Female,Alexandria,3.0,0,0,3,10
615,2022-12-11,9,2,Female,Tanta,3.0,0,18,0,10
616,2023-09-16,3,1,Male,Giza,3.0,1,9,2,0
617,2022-02-05,1,2,Female,Cairo,2.0,0,4,5,5
618,2024-05-29,16,1,Male,Minya,1.0,1,12,4,2
619,2023-06-14,6,1,Male,Suez,4.0,1,17,4,4
620,2023-01-22,17,1,Male,Damanhur,5.0,1,5,2,11
621,2023-09-15,5,2,Female,Port Said,2.0,0,13,6,5
622,2023-02-05,5,2,Female,Port Said,1.0,0,13,6,1
623,2023-06-12,6,1,Male,Suez,2.0,1,17,4,6
624,2022-02-26,3,2,Female,Giza,2.0,0,9,5,5
625,2022-10-06,5,2,Female,Port Said,1.0,0,13,6,1
626,2021-08-28,5,1,Male,Port Said,2.0,1,13,4,6
627,2021-12-02,10,1,Male,Asyut,1.0,1,2,1,2
628,2022-11-30,10,2,Female,Asyut,6.0,0,2,3,12
629,2024-04-18,19,1,Male,Qena,2.0,1,14,4,6
630,2022-03-08,17,2,Female,Damanhur,3.0,0,5,3,10
631,2022-10-10,14,2,Female,Damietta,5.0,0,6,3,8
632,2023-10-27,9,2,Female,Tanta,4.0,0,18,0,9
633,2023-01-29,14,2,Female,Damietta,3.0,0,6,3,10
634,2022-05-22,1,1,Male,Cairo,1.0,1,4,1,2
635,2021-10-30,19,1,Male,Qena,0.0,1,14,4,7
636,2022-02-24,13,1,Male,Zagazig,0.0,1,19,4,7
637,2023-12-22,13,1,Male,Zagazig,4.0,1,19,4,4
638,2023-02-08,4,2,Female,Shubra El-Kheima,4.0,0,15,0,9
639,2024-01-22,1,2,Female,Cairo,4.0,0,4,3,9
640,2023-01-24,17,1,Male,Damanhur,1.0,1,5,1,2
641,2023-05-16,8,2,Female,El-Mahalla El-Kubra,2.0,0,7,5,5
642,2023-12-11,2,2,Female,Alexandria,2.0,0,0,5,5
643,2022-12-31,8,2,Female,El-Mahalla El-Kubra,1.0,0,7,5,1
644,2023-07-26,7,1,Male,Mansoura,1.0,1,11,4,2
645,2022-11-21,2,1,Male,Alexandria,4.0,1,0,2,4
646,2022-05-20,3,1,Male,Giza,3.0,1,9,2,0
647,2022-12-17,18,2,Female,Beni Suef,3.0,0,3,3,10
648,2022-03-02,12,1,Male,Fayyum,2.0,1,8,1,6
649,2023-04-27,1,1,Male,Cairo,1.0,1,4,1,2
650,2024-04-04,12,1,Male,Fayyum,5.0,1,8,2,11
651,2021-11-03,5,1,Male,Port Said,5.0,1,13,2,11
652,2024-05-02,17,1,Male,Damanhur,3.0,1,5,1,0
653,2022-10-10,16,1,Male,Minya,3.0,1,12,4,0
654,2021-10-18,15,2,Female,Aswan,5.0,0,1,3,8
655,2024-03-04,15,2,Female,Aswan,5.0,0,1,3,8
656,2022-03-14,5,1,Male,Port Said,1.0,1,13,4,2
657,2022-12-04,14,1,Male,Damietta,3.0,1,6,1,0
658,2023-09-12,2,2,Female,Alexandria,5.0,0,0,3,8
659,2023-02-12,11,2,Female,Ismailia,5.0,0,10,0,8
660,2024-03-29,19,1,Male,Qena,2.0,1,14,4,6
661,2021-08-29,7,1,Male,Mansoura,4.0,1,11,2,4
662,2024-06-04,6,1,Male,Suez,5.0,1,17,2,11
663,2022-04-08,2,1,Male,Alexandria,3.0,1,0,1,0
664,2022-04-04,6,2,Female,Suez,6.0,0,17,0,-1
665,2023-05-07,18,1,Male,Beni Suef,2.0,1,3,1,6
666,2024-04-15,2,1,Male,Alexandria,3.0,1,0,1,0
667,2021-08-19,18,1,Male,Beni Suef,1.0,1,3,1,2
668,2024-05-10,15,1,Male,Aswan,4.0,1,1,2,4
669,2024-05-15,19,2,Female,Qena,2.0,0,14,6,5
670,2022-06-08,2,2,Female,Alexandria,4.0,0,0,3,9
671,2021-08-18,20,2,Female,Sohag,1.0,0,16,6,1
672,2024-04-15,6,1,Male,Suez,5.0,1,17,2,11
673,2024-05-17,1,1,Male,Cairo,3.0,1,4,1,0
674,2023-10-21,15,2,Female,Aswan,3.0,0,1,3,10
675,2022-04-19,10,1,Male,Asyut,6.0,1,2,2,13
676,2021-09-04,19,1,Male,Qena,3.0,1,14,4,0
677,2022-04-21,17,2,Female,Damanhur,2.0,0,5,5,5
678,2021-12-14,5,2,Female,Port Said,3.0,0,13,0,10
679,2021-08-29,4,2,Female,Shubra El-Kheima,3.0,0,15,0,10
680,2023-06-27,10,2,Female,Asyut,1.0,0,2,5,1
681,2024-06-24,17,1,Male,Damanhur,1.0,1,5,1,2
682,2022-04-01,10,1,Male,Asyut,2.0,1,2,1,6
683,2024-01-02,17,2,Female,Damanhur,3.0,0,5,3,10
684,2022-09-10,20,1,Male,Sohag,0.0,1,16,4,7
685,2021-11-07,5,2,Female,Port Said,3.0,0,13,0,10
686,2022-07-13,2,2,Female,Alexandria,1.0,0,0,5,1
687,2022-06-28,6,1,Male,Suez,5.0,1,17,2,11
688,2023-09-02,2,2,Female,Alexandria,3.0,0,0,3,10
689,2022-05-07,13,1,Male,Zagazig,2.0,1,19,4,6
690,2023-04-18,11,1,Male,Ismailia,3.0,1,10,2,0
691,2024-03-19,11,1,Male,Ismailia,2.0,1,10,4,6
692,2024-03-19,16,1,Male,Minya,2.0,1,12,4,6
693,2024-01-08,11,2,Female,Ismailia,4.0,0,10,0,9
694,2021-12-06,19,1,Male,Qena,3.0,1,14,4,0
695,2023-11-27,15,2,Female,Aswan,4.0,0,1,3,9
696,2023-10-24,16,2,Female,Minya,5.0,0,12,0,8
697,2024-04-23,11,2,Female,Ismailia,0.0,0,10,6,3
698,2022-09-25,16,2,Female,Minya,3.0,0,12,0,10
699,2024-07-12,8,1,Male,El-Mahalla El-Kubra,5.0,1,7,2,11
700,2022-02-08,4,1,Male,Shubra El-Kheima,3.0,1,15,4,0
701,2023-01-11,8,2,Female,El-Mahalla El-Kubra,5.0,0,7,3,8
702,2024-03-14,4,2,Female,Shubra El-Kheima,3.0,0,15,0,10
703,2022-05-24,3,1,Male,Giza,2.0,1,9,1,6
704,2023-06-06,3,2,Female,Giza,3.0,0,9,0,10
705,2022-01-07,18,1,Male,Beni Suef,0.0,1,3,1,7
706,2024-01-10,19,2,Female,Qena,0.0,0,14,6,3
707,2022-03-04,19,1,Male,Qena,1.0,1,14,4,2
708,2023-10-21,5,2,Female,Port Said,3.0,0,13,0,10
709,2022-06-17,18,2,Female,Beni Suef,3.0,0,3,3,10
710,2022-07-18,10,1,Male,Asyut,3.0,1,2,1,0
711,2023-09-15,6,2,Female,Suez,0.0,0,17,6,3
712,2021-08-02,1,2,Female,Cairo,3.0,0,4,3,10
713,2023-03-16,5,1,Male,Port Said,2.0,1,13,4,6
714,2022-12-26,9,2,Female,Tanta,1.0,0,18,6,1
715,2022-04-04,12,1,Male,Fayyum,2.0,1,8,1,6
716,2021-10-18,14,1,Male,Damietta,1.0,1,6,1,2
717,2022-12-11,2,2,Female,Alexandria,2.0,0,0,5,5
718,2021-11-17,17,2,Female,Damanhur,2.0,0,5,5,5
719,2022-12-23,14,2,Female,Damietta,3.0,0,6,3,10
720,2022-01-24,13,2,Female,Zagazig,5.0,0,19,0,-1
721,2023-10-26,9,2,Female,Tanta,0.0,0,18,6,3
722,2023-08-18,15,2,Female,Aswan,1.0,0,1,5,1
723,2021-09-12,15,2,Female,Aswan,1.0,0,1,5,1
724,2021-08-20,11,1,Male,Ismailia,1.0,1,10,1,2
725,2021-11-18,16,2,Female,Minya,4.0,0,12,0,9
726,2024-07-08,17,1,Male,Damanhur,6.0,1,5,2,13
727,2021-08-27,4,2,Female,Shubra El-Kheima,3.0,0,15,0,10
728,2021-07-18,1,2,Female,Cairo,3.0,0,4,3,10
729,2024-04-20,8,1,Male,El-Mahalla El-Kubra,2.0,1,7,1,6
730,2021-09-24,17,2,Female,Damanhur,1.0,0,5,5,1
731,2024-03-12,3,2,Female,Giza,4.0,0,9,0,9
732,2023-03-07,20,1,Male,Sohag,3.0,1,16,4,0
733,2023-05-16,15,2,Female,Aswan,3.0,0,1,3,10
734,2024-07-06,15,2,Female,Aswan,4.0,0,1,3,9
735,2022-11-19,14,2,Female,Damietta,4.0,0,6,3,9
736,2024-04-19,14,1,Male,Damietta,4.0,1,6,2,4
737,2024-03-16,2,2,Female,Alexandria,3.0,0,0,3,10
738,2021-12-15,13,2,Female,Zagazig,1.0,0,19,6,1
739,2021-12-04,14,2,Female,Damietta,2.0,0,6,5,5
740,2022-08-01,19,2,Female,Qena,2.0,0,14,6,5
741,2023-01-30,7,1,Male,Mansoura,1.0,1,11,4,2
742,2023-11-01,3,1,Male,Giza,3.0,1,9,2,0
743,2022-06-05,15,2,Female,Aswan,3.0,0,1,3,10
744,2022-10-14,14,2,Female,Damietta,4.0,0,6,3,9
745,2021-07-19,11,1,Male,Ismailia,2.0,1,10,4,6
746,2022-11-09,15,1,Male,Aswan,3.0,1,1,1,0
747,2022-07-16,13,2,Female,Zagazig,1.0,0,19,6,1
748,2022-06-04,18,1,Male,Beni Suef,0.0,1,3,1,7
749,2023-10-03,6,2,Female,Suez,4.0,0,17,0,9
750,2022-05-22,3,1,Male,Giza,1.0,1,9,1,2
751,2023-10-01,19,1,Male,Qena,4.0,1,14,2,4
752,2023-07-03,15,1,Male,Aswan,2.0,1,1,1,6
753,2023-11-22,5,1,Male,Port Said,5.0,1,13,2,11
754,2023-10-14,10,2,Female,Asyut,2.0,0,2,5,5
755,2021-07-29,7,1,Male,Mansoura,2.0,1,11,4,6
756,2024-06-09,17,1,Male,Damanhur,0.0,1,5,1,7
757,2023-10-12,7,2,Female,Mansoura,3.0,0,11,0,10
758,2022-09-19,12,1,Male,Fayyum,3.0,1,8,2,0
759,2021-12-18,17,1,Male,Damanhur,3.0,1,5,1,0
760,2021-09-08,13,2,Female,Zagazig,2.0,0,19,6,5
761,2023-10-03,20,1,Male,Sohag,4.0,1,16,4,4
762,2023-10-31,4,2,Female,Shubra El-Kheima,1.0,0,15,6,1
763,2023-01-04,10,2,Female,Asyut,4.0,0,2,3,9
764,2024-02-06,3,2,Female,Giza,3.0,0,9,0,10
765,2024-03-15,9,2,Female,Tanta,1.0,0,18,6,1
766,2024-01-02,13,1,Male,Zagazig,1.0,1,19,4,2
767,2023-12-02,18,2,Female,Beni Suef,2.0,0,3,5,5
768,2024-03-11,15,1,Male,Aswan,1.0,1,1,1,2
769,2021-08-29,4,1,Male,Shubra El-Kheima,2.0,1,15,4,6
770,2023-05-08,15,1,Male,Aswan,4.0,1,1,2,4
771,2021-12-02,2,1,Male,Alexandria,3.0,1,0,1,0
772,2023-02-01,15,1,Male,Aswan,4.0,1,1,2,4
773,2023-12-22,8,1,Male,El-Mahalla El-Kubra,1.0,1,7,1,2
774,2023-01-22,8,1,Male,El-Mahalla El-Kubra,0.0,1,7,1,7
775,2023-10-17,17,1,Male,Damanhur,0.0,1,5,1,7
776,2022-01-08,12,1,Male,Fayyum,4.0,1,8,2,4
777,2023-11-18,19,1,Male,Qena,0.0,1,14,4,7
778,2022-06-28,10,2,Female,Asyut,2.0,0,2,5,5
779,2021-12-09,9,2,Female,Tanta,3.0,0,18,0,10
780,2024-06-08,5,2,Female,Port Said,4.0,0,13,0,9
781,2022-12-02,6,1,Male,Suez,6.0,1,17,2,14
782,2023-04-28,20,2,Female,Sohag,1.0,0,16,6,1
783,2023-04-01,2,2,Female,Alexandria,6.0,0,0,3,12
784,2022-08-29,13,2,Female,Zagazig,0.0,0,19,6,3
785,2023-09-23,6,1,Male,Suez,5.0,1,17,2,11
786,2023-12-04,5,1,Male,Port Said,1.0,1,13,4,2
787,2022-06-10,1,1,Male,Cairo,2.0,1,4,1,6
788,2024-01-25,6,1,Male,Suez,0.0,1,17,4,7
789,2022-08-30,6,2,Female,Suez,4.0,0,17,0,9
790,2021-11-23,16,2,Female,Minya,1.0,0,12,6,1
791,2022-05-27,4,2,Female,Shubra El-Kheima,3.0,0,15,0,10
792,2022-12-17,11,2,Female,Ismailia,3.0,0,10,0,10
793,2023-08-26,9,1,Male,Tanta,2.0,1,18,4,6
794,2022-09-11,3,1,Male,Giza,3.0,1,9,2,0
795,2021-09-05,19,1,Male,Qena,2.0,1,14,4,6
796,2023-12-20,8,2,Female,El-Mahalla El-Kubra,2.0,0,7,5,5
797,2022-07-21,5,1,Male,Port Said,2.0,1,13,4,6
798,2021-08-31,4,1,Male,Shubra El-Kheima,0.0,1,15,4,7
799,2023-10-29,6,2,Female,Suez,0.0,0,17,6,3
800,2022-07-14,2,2,Female,Alexandria,6.0,0,0,3,12
801,2022-03-09,20,1,Male,Sohag,2.0,1,16,4,6
802,2021-07-20,11,1,Male,Ismailia,8.0,1,10,2,-1
803,2023-01-02,4,1,Male,Shubra El-Kheima,5.0,1,15,2,11
804,2022-10-16,15,1,Male,Aswan,4.0,1,1,2,4
805,2022-09-25,6,1,Male,Suez,4.0,1,17,4,4
806,2022-03-22,17,1,Male,Damanhur,1.0,1,5,1,2
807,2023-12-31,6,2,Female,Suez,4.0,0,17,0,9
808,2022-06-01,19,2,Female,Qena,1.0,0,14,6,1
809,2023-01-24,2,2,Female,Alexandria,0.0,0,0,5,3
810,2021-11-04,15,1,Male,Aswan,2.0,1,1,1,6
811,2023-03-21,11,2,Female,Ismailia,0.0,0,10,6,3
812,2023-10-27,8,1,Male,El-Mahalla El-Kubra,3.0,1,7,2,0
813,2024-06-06,19,1,Male,Qena,2.0,1,14,4,6
814,2022-06-13,13,2,Female,Zagazig,0.0,0,19,6,3
815,2022-08-10,12,1,Male,Fayyum,3.0,1,8,2,0
816,2022-03-24,5,1,Male,Port Said,2.0,1,13,4,6
817,2023-11-20,6,2,Female,Suez,4.0,0,17,0,9
818,2022-01-08,4,2,Female,Shubra El-Kheima,0.0,0,15,6,3
819,2023-02-16,19,2,Female,Qena,0.0,0,14,6,3
820,2023-04-29,20,1,Male,Sohag,4.0,1,16,4,4
821,2021-11-15,1,2,Female,Cairo,3.0,0,4,3,10
822,2024-06-14,20,2,Female,Sohag,8.0,0,16,0,-1
823,2022-05-31,17,1,Male,Damanhur,1.0,1,5,1,2
824,2023-06-20,12,2,Female,Fayyum,4.0,0,8,3,9
825,2023-11-14,15,2,Female,Aswan,4.0,0,1,3,9
826,2023-05-03,1,2,Female,Cairo,2.0,0,4,5,5
827,2021-08-21,14,1,Male,Damietta,2.0,1,6,1,6
828,2024-01-12,6,1,Male,Suez,5.0,1,17,2,11
829,2024-06-28,5,1,Male,Port Said,1.0,1,13,4,2
830,2024-06-13,11,1,Male,Ismailia,5.0,1,10,2,11
831,2024-06-26,4,2,Female,Shubra El-Kheima,0.0,0,15,6,3
832,2023-03-02,13,1,Male,Zagazig,3.0,1,19,4,0
833,2022-06-19,11,1,Male,Ismailia,7.0,1,10,2,-1
834,2023-01-14,3,2,Female,Giza,2.0,0,9,5,5
835,2023-07-16,1,2,Female,Cairo,4.0,0,4,3,9
836,2021-09-16,6,2,Female,Suez,0.0,0,17,6,3
837,2023-01-09,18,1,Male,Beni Suef,5.0,1,3,2,11
838,2022-03-26,10,1,Male,Asyut,2.0,1,2,1,6
839,2022-05-10,5,1,Male,Port Said,1.0,1,13,4,2
840,2023-02-26,10,2,Female,Asyut,4.0,0,2,3,9
841,2024-01-13,12,2,Female,Fayyum,0.0,0,8,5,3
842,2022-02-08,2,1,Male,Alexandria,2.0,1,0,1,6
843,2021-07-25,13,2,Female,Zagazig,4.0,0,19,0,9
844,2022-04-07,8,2,Female,El-Mahalla El-Kubra,2.0,0,7,5,5
845,2023-04-02,2,2,Female,Alexandria,4.0,0,0,3,9
846,2023-10-17,20,1,Male,Sohag,2.0,1,16,4,6
847,2021-09-16,1,2,Female,Cairo,1.0,0,4,5,1
848,2021-11-01,5,2,Female,Port Said,3.0,0,13,0,10
849,2024-04-09,9,1,Male,Tanta,4.0,1,18,4,4
850,2023-04-08,17,1,Male,Damanhur,4.0,1,5,2,4
851,2022-07-20,9,2,Female,Tanta,3.0,0,18,0,10
852,2022-09-22,11,2,Female,Ismailia,3.0,0,10,0,10
853,2024-04-29,15,1,Male,Aswan,3.0,1,1,1,0
854,2023-10-25,6,1,Male,Suez,1.0,1,17,4,2
855,2022-02-21,3,2,Female,Giza,2.0,0,9,5,5
856,2024-01-18,17,2,Female,Damanhur,5.0,0,5,3,8
857,2024-03-16,5,2,Female,Port Said,6.0,0,13,0,-1
858,2022-04-26,12,2,Female,Fayyum,2.0,0,8,5,5
859,2022-09-22,18,1,Male,Beni Suef,6.0,1,3,2,13
860,2023-10-28,14,2,Female,Damietta,2.0,0,6,5,5
861,2022-03-26,11,2,Female,Ismailia,2.0,0,10,6,5
862,2024-03-15,9,1,Male,Tanta,2.0,1,18,4,6
863,2022-11-16,2,2,Female,Alexandria,1.0,0,0,5,1
864,2022-06-04,12,1,Male,Fayyum,2.0,1,8,1,6
865,2022-10-28,3,2,Female,Giza,1.0,0,9,5,1
866,2023-06-15,3,2,Female,Giza,3.0,0,9,0,10
867,2023-11-03,1,1,Male,Cairo,2.0,1,4,1,6
868,2022-08-03,8,1,Male,El-Mahalla El-Kubra,2.0,1,7,1,6
869,2024-05-11,8,2,Female,El-Mahalla El-Kubra,4.0,0,7,3,9
870,2024-01-25,11,2,Female,Ismailia,1.0,0,10,6,1
871,2022-06-09,9,2,Female,Tanta,2.0,0,18,6,5
872,2024-02-21,5,1,Male,Port Said,3.0,1,13,4,0
873,2023-01-12,14,2,Female,Damietta,4.0,0,6,3,9
874,2022-01-09,3,1,Male,Giza,1.0,1,9,1,2
875,2022-05-29,5,1,Male,Port Said,2.0,1,13,4,6
876,2022-11-19,5,2,Female,Port Said,4.0,0,13,0,9
877,2022-10-15,19,1,Male,Qena,4.0,1,14,2,4
878,2024-01-28,14,2,Female,Damietta,3.0,0,6,3,10
879,2024-05-04,4,2,Female,Shubra El-Kheima,0.0,0,15,6,3
880,2022-11-25,13,2,Female,Zagazig,3.0,0,19,0,10
881,2023-05-20,10,2,Female,Asyut,6.0,0,2,3,12
882,2024-03-19,18,2,Female,Beni Suef,2.0,0,3,5,5
883,2022-02-13,8,1,Male,El-Mahalla El-Kubra,1.0,1,7,1,2
884,2024-01-18,8,1,Male,El-Mahalla El-Kubra,4.0,1,7,2,4
885,2021-12-25,7,2,Female,Mansoura,1.0,0,11,6,1
886,2021-12-12,8,2,Female,El-Mahalla El-Kubra,1.0,0,7,5,1
887,2024-04-19,14,1,Male,Damietta,3.0,1,6,1,0
888,2024-06-07,19,1,Male,Qena,5.0,1,14,2,11
889,2024-05-04,6,1,Male,Suez,2.0,1,17,4,6
890,2022-02-02,1,1,Male,Cairo,1.0,1,4,1,2
891,2022-03-11,15,2,Female,Aswan,5.0,0,1,3,8
892,2023-06-01,1,2,Female,Cairo,1.0,0,4,5,1
893,2022-01-22,17,1,Male,Damanhur,2.0,1,5,1,6
894,2023-01-30,1,2,Female,Cairo,0.0,0,4,5,3
895,2021-11-25,15,1,Male,Aswan,3.0,1,1,1,0
896,2022-05-08,2,2,Female,Alexandria,1.0,0,0,5,1
897,2022-03-11,14,1,Male,Damietta,5.0,1,6,2,11
898,2022-05-31,8,2,Female,El-Mahalla El-Kubra,1.0,0,7,5,1
899,2024-03-15,8,1,Male,El-Mahalla El-Kubra,5.0,1,7,2,11
900,2022-03-02,19,1,Male,Qena,0.0,1,14,4,7
901,2021-09-01,7,2,Female,Mansoura,3.0,0,11,0,10
902,2023-01-29,19,1,Male,Qena,5.0,1,14,2,11
903,2023-05-14,6,2,Female,Suez,2.0,0,17,6,5
904,2023-10-26,6,2,Female,Suez,2.0,0,17,6,5
905,2023-12-22,3,1,Male,Giza,2.0,1,9,1,6
906,2024-05-30,7,2,Female,Mansoura,4.0,0,11,0,9
907,2021-08-28,19,2,Female,Qena,1.0,0,14,6,1
908,2022-05-02,8,2,Female,El-Mahalla El-Kubra,0.0,0,7,5,3
909,2023-10-10,10,2,Female,Asyut,5.0,0,2,3,8
910,2023-03-19,20,2,Female,Sohag,1.0,0,16,6,1
911,2022-10-18,15,1,Male,Aswan,2.0,1,1,1,6
912,2021-12-09,15,2,Female,Aswan,3.0,0,1,3,10
913,2022-04-06,1,2,Female,Cairo,3.0,0,4,3,10
914,2022-12-09,20,2,Female,Sohag,2.0,0,16,6,5
915,2023-07-06,7,2,Female,Mansoura,5.0,0,11,0,8
916,2023-03-27,4,2,Female,Shubra El-Kheima,1.0,0,15,6,1
917,2024-03-29,6,1,Male,Suez,2.0,1,17,4,6
918,2023-09-11,1,2,Female,Cairo,1.0,0,4,5,1
919,2023-07-03,5,1,Male,Port Said,2.0,1,13,4,6
920,2022-10-02,1,1,Male,Cairo,4.0,1,4,2,4
921,2023-11-16,4,1,Male,Shubra El-Kheima,4.0,1,15,2,4
922,2022-06-20,2,1,Male,Alexandria,2.0,1,0,1,6
923,2022-12-13,10,2,Female,Asyut,6.0,0,2,3,12
924,2023-04-27,5,1,Male,Port Said,6.0,1,13,2,14
925,2023-08-14,10,1,Male,Asyut,5.0,1,2,2,11
926,2023-02-09,1,2,Female,Cairo,3.0,0,4,3,10
927,2023-09-10,6,2,Female,Suez,3.0,0,17,0,10
928,2021-08-03,13,2,Female,Zagazig,3.0,0,19,0,10
929,2023-02-16,15,1,Male,Aswan,5.0,1,1,2,11
930,2023-06-28,4,2,Female,Shubra El-Kheima,4.0,0,15,0,9
931,2024-06-16,13,2,Female,Zagazig,3.0,0,19,0,10
932,2024-07-13,20,1,Male,Sohag,2.0,1,16,4,6
933,2024-07-10,15,2,Female,Aswan,2.0,0,1,5,5
934,2023-03-27,8,2,Female,El-Mahalla El-Kubra,2.0,0,7,5,5
935,2023-01-21,5,2,Female,Port Said,3.0,0,13,0,10
936,2023-07-11,15,2,Female,Aswan,5.0,0,1,3,8
937,2022-10-04,4,1,Male,Shubra El-Kheima,4.0,1,15,2,4
938,2022-10-17,12,2,Female,Fayyum,8.0,0,8,3,-1
939,2024-03-07,13,2,Female,Zagazig,2.0,0,19,6,5
940,2022-07-18,2,1,Male,Alexandria,2.0,1,0,1,6
941,2021-09-26,19,2,Female,Qena,3.0,0,14,0,10
942,2023-08-14,19,1,Male,Qena,2.0,1,14,4,6
943,2024-06-21,4,2,Female,Shubra El-Kheima,0.0,0,15,6,3
944,2021-08-13,4,1,Male,Shubra El-Kheima,6.0,1,15,2,14
945,2022-04-01,11,1,Male,Ismailia,4.0,1,10,2,4
946,2022-08-08,5,1,Male,Port Said,2.0,1,13,4,6
947,2022-04-14,20,1,Male,Sohag,3.0,1,16,4,0
948,2023-10-03,11,2,Female,Ismailia,1.0,0,10,6,1
949,2021-10-29,10,1,Male,Asyut,1.0,1,2,1,2
950,2022-02-16,8,2,Female,El-Mahalla El-Kubra,3.0,0,7,3,10
951,2023-12-09,6,1,Male,Suez,3.0,1,17,4,0
952,2023-10-25,6,1,Male,Suez,4.0,1,17,4,4
953,2023-08-04,8,1,Male,El-Mahalla El-Kubra,0.0,1,7,1,7
954,2022-09-27,15,2,Female,Aswan,2.0,0,1,5,5
955,2023-07-07,14,1,Male,Damietta,1.0,1,6,1,2
956,2022-01-01,11,2,Female,Ismailia,3.0,0,10,0,10
957,2022-05-27,12,2,Female,Fayyum,3.0,0,8,3,10
958,2022-06-23,13,2,Female,Zagazig,1.0,0,19,6,1
959,2022-04-04,8,2,Female,El-Mahalla El-Kubra,4.0,0,7,3,9
960,2022-05-13,18,2,Female,Beni Suef,2.0,0,3,5,5
961,2022-11-29,1,2,Female,Cairo,0.0,0,4,5,3
962,2021-10-17,15,2,Female,Aswan,5.0,0,1,3,8
963,2022-11-26,8,2,Female,El-Mahalla El-Kubra,2.0,0,7,5,5
964,2024-01-20,11,2,Female,Ismailia,4.0,0,10,0,9
965,2021-10-01,12,1,Male,Fayyum,1.0,1,8,1,2
966,2022-10-13,12,1,Male,Fayyum,3.0,1,8,2,0
967,2021-08-16,4,1,Male,Shubra El-Kheima,0.0,1,15,4,7
968,2021-08-10,16,1,Male,Minya,3.0,1,12,4,0
969,2023-07-05,4,1,Male,Shubra El-Kheima,1.0,1,15,4,2
970,2022-03-24,5,2,Female,Port Said,4.0,0,13,0,9
971,2023-08-29,5,2,Female,Port Said,4.0,0,13,0,9
972,2022-01-31,8,2,Female,El-Mahalla El-Kubra,3.0,0,7,3,10
973,2023-11-29,10,2,Female,Asyut,2.0,0,2,5,5
974,2021-08-13,17,2,Female,Damanhur,6.0,0,5,3,12
975,2023-04-12,9,2,Female,Tanta,2.0,0,18,6,5
976,2023-11-20,19,2,Female,Qena,1.0,0,14,6,1
977,2022-05-20,14,1,Male,Damietta,2.0,1,6,1,6
978,2023-10-13,8,1,Male,El-Mahalla El-Kubra,3.0,1,7,2,0
979,2021-08-06,9,1,Male,Tanta,1.0,1,18,4,2
980,2024-05-13,11,1,Male,Ismailia,2.0,1,10,4,6
981,2022-01-24,1,2,Female,Cairo,3.0,0,4,3,10
982,2021-09-19,14,2,Female,Damietta,3.0,0,6,3,10
983,2024-03-28,5,2,Female,Port Said,3.0,0,13,0,10
984,2022-02-13,14,1,Male,Damietta,2.0,1,6,1,6
985,2024-03-31,4,2,Female,Shubra El-Kheima,2.0,0,15,6,5
986,2023-09-23,1,2,Female,Cairo,3.0,0,4,3,10
987,2022-08-04,19,2,Female,Qena,2.0,0,14,6,5
988,2024-02-11,8,1,Male,El-Mahalla El-Kubra,5.0,1,7,2,11
989,2022-07-19,15,2,Female,Aswan,2.0,0,1,5,5
990,2021-12-27,15,1,Male,Aswan,2.0,1,1,1,6
991,2022-08-12,9,1,Male,Tanta,3.0,1,18,4,0
992,2022-11-05,9,1,Male,Tanta,2.0,1,18,4,6
993,2022-06-11,10,1,Male,Asyut,3.0,1,2,1,0
994,2023-02-18,20,2,Female,Sohag,0.0,0,16,6,3
995,2023-02-03,9,1,Male,Tanta,2.0,1,18,4,6
996,2022-10-28,3,1,Male,Giza,0.0,1,9,1,7
997,2022-07-07,20,2,Female,Sohag,1.0,0,16,6,1
998,2024-03-09,11,2,Female,Ismailia,3.0,0,10,0,10
999,2022-07-16,6,1,Male,Suez,4.0,1,17,4,4
1000,2024-04-08,2,2,Female,Alexandria,1.0,0,0,5,1
